filename,label
PrivateTest_104142.jpg,5
PrivateTest_1054527.jpg,0
PrivateTest_1076980.jpg,5
PrivateTest_1109992.jpg,0
PrivateTest_1129340.jpg,6
PrivateTest_1140198.jpg,3
PrivateTest_1221822.jpg,0
PrivateTest_1256234.jpg,4
PrivateTest_1290484.jpg,0
PrivateTest_1313210.jpg,4
PrivateTest_1338609.jpg,5
PrivateTest_1388103.jpg,5
PrivateTest_139065.jpg,5
PrivateTest_1414350.jpg,4
PrivateTest_1488292.jpg,0
PrivateTest_1495838.jpg,4
PrivateTest_1533232.jpg,3
PrivateTest_1561788.jpg,3
PrivateTest_1565308.jpg,4
PrivateTest_1623042.jpg,0
PrivateTest_1623206.jpg,5
PrivateTest_1667417.jpg,5
PrivateTest_1673508.jpg,5
PrivateTest_1735299.jpg,3
PrivateTest_1791924.jpg,6
PrivateTest_1809180.jpg,0
PrivateTest_1834385.jpg,6
PrivateTest_1850005.jpg,0
PrivateTest_1862370.jpg,0
PrivateTest_1942677.jpg,4
PrivateTest_1960069.jpg,6
PrivateTest_2000243.jpg,6
PrivateTest_2013992.jpg,4
PrivateTest_2028370.jpg,3
PrivateTest_2117908.jpg,6
PrivateTest_2134320.jpg,6
PrivateTest_2146189.jpg,3
PrivateTest_2178829.jpg,2
PrivateTest_218533.jpg,3
PrivateTest_2202708.jpg,4
PrivateTest_2223963.jpg,4
PrivateTest_2252679.jpg,6
PrivateTest_2260082.jpg,3
PrivateTest_2309763.jpg,3
PrivateTest_2328297.jpg,0
PrivateTest_2333732.jpg,2
PrivateTest_2352334.jpg,3
PrivateTest_2387553.jpg,6
PrivateTest_2390435.jpg,3
PrivateTest_2398703.jpg,6
PrivateTest_2409840.jpg,6
PrivateTest_2440389.jpg,6
PrivateTest_2462458.jpg,3
PrivateTest_2492326.jpg,3
PrivateTest_2501190.jpg,3
PrivateTest_251881.jpg,3
PrivateTest_2569530.jpg,3
PrivateTest_258543.jpg,3
PrivateTest_2632530.jpg,2
PrivateTest_2642370.jpg,0
PrivateTest_2775163.jpg,0
PrivateTest_2918667.jpg,2
PrivateTest_3388910.jpg,2
PrivateTest_3463701.jpg,2
PrivateTest_3551609.jpg,2
PrivateTest_366361.jpg,4
PrivateTest_3838250.jpg,1
PrivateTest_3881740.jpg,1
PrivateTest_3929526.jpg,1
PrivateTest_4002000.jpg,2
PrivateTest_4159772.jpg,2
PrivateTest_4212136.jpg,2
PrivateTest_4396496.jpg,1
PrivateTest_4407805.jpg,1
PrivateTest_4465801.jpg,2
PrivateTest_4547648.jpg,2
PrivateTest_4687452.jpg,2
PrivateTest_4712911.jpg,2
PrivateTest_4783181.jpg,1
PrivateTest_528072.jpg,4
PrivateTest_552501.jpg,4
PrivateTest_556985.jpg,3
PrivateTest_568359.jpg,4
PrivateTest_59059.jpg,6
PrivateTest_642696.jpg,5
PrivateTest_647018.jpg,3
PrivateTest_6783917.jpg,1
PrivateTest_687119.jpg,4
PrivateTest_687498.jpg,6
PrivateTest_698548.jpg,6
PrivateTest_709416.jpg,4
PrivateTest_731447.jpg,0
PrivateTest_807646.jpg,1
PrivateTest_831970.jpg,4
PrivateTest_834081.jpg,3
PrivateTest_88305.jpg,0
PrivateTest_914251.jpg,5
PrivateTest_928647.jpg,3
PrivateTest_932822.jpg,6
PrivateTest_95094.jpg,3
