,55.57664923808064
,-97.40726819388428
,131.50892852447922
,-170.7624670414744
,215.12522479772696
,-259.8561841346731
,261.6534586269973
,-202.78332461562027
,185.47873891775572
,-163.00056366000808
,176.96164306536164
,-179.145296172748
,205.08666245858808
,-208.23519316280442
,250.0903521775347
,-269.4775052707591
,127.63322895948323
,191.97794822923044
,-478.24139335725954
,492.0340821236668
,-477.33673641995574
,272.12390079826844
,-137.17686686676734
,21.213851290348202
,99.82608460225322
,-152.9927500051777
,127.77997886078685
,-56.13287615061009
,12.84249556864728
,-4.806811365781812
,69.8304164996074
,-193.21772083386423
,286.7002164679601
,-237.35760367281318
,169.47535660385734
,-77.3455256744877
,-105.60480991217078
,189.50828922391258
,-262.44257228498884
,347.9905644049671
,-443.6734591893289
,539.4906924124712
,-550.0072042492633
,440.8694761656032
,-419.2486723124904
,386.27500524612003
,-415.4005402890344
,409.3969314366939
,-447.1368619658838
,446.95723949353834
,-530.6968574364486
,568.3827696270077
,-317.1008667643822
,-258.07581069502794
,749.2419834544089
,-760.0342398664693
,766.2063363599909
,-392.4105614355717
,151.23685698722534
,68.91631621101135
,-302.83793117838724
,390.9261383336874
,-316.434792130912
,151.616919548983
,-53.28420121716721
,32.884121855688534
,-168.45994438048155
,426.3197404617547
,-623.6217091144374
,513.0187294709185
,-364.1071281998986
,166.6793376096714
,147.86150006811562
,-268.5136409520193
,376.861980753435
,-506.41571048918007
,654.2070353096768
,-806.249599977299
,834.5603035089396
,-686.9790380296586
,671.9481937268463
,-632.1015557496635
,672.7713206065628
,-654.5067950715443
,698.0070121006463
,-694.157233646701
,820.544079183335
,-874.0565760971392
,527.9832408898142
,271.1899923075605
,-909.6627653995795
,878.8412087937536
,-924.6012442249257
,407.14696763789834
,-79.65986997543428
,-241.65985584419582
,589.2272124625092
,-706.8113163566649
,570.6879064816653
,-300.6682836362045
,138.2991136848874
,-100.19700509469146
,298.25055023493667
,-674.654453742965
,958.4242833051107
,-769.3208442695923
,537.3041856556897
,-242.5214504790613
,-191.0629092743305
,346.28685893759604
,-487.69627839945184
,660.5436834231014
,-864.4269036845014
,1081.6042316517091
,-1137.3224723534236
,956.8714071887264
,-960.4637802066525
,916.2669477951054
,-964.4776180744832
,923.7523065954306
,-963.8635541883588
,961.0206198065787
,-1143.66318243877
,1219.6551678037824
,-787.2667246649139
,-238.47525605480791
,980.6580293271634
,-864.907592141496
,1004.2582972233536
,-388.6217917490353
,8.955616585387816
,402.8992949742171
,-875.9478543878483
,1039.2523230782078
,-838.3536183526764
,447.03268271163256
,-210.96131397042814
,151.71981011343655
,-413.3286407700042
,910.1767443101221
,-1279.655425234184
,1007.8477501314865
,-697.6948043111051
,311.4391178578128
,235.71821702843704
,-422.34255769646535
,593.2896777354399
,-807.6526284272356
,1071.1097513937743
,-1359.859119437392
,1441.815991336165
,-1221.6193192265073
,1252.1429946260307
,-1207.749889725283
,1266.3492044495702
,-1199.4282425739693
,1233.4377244385919
,-1253.781656050777
,1527.7467317306437
,-1652.7889141657874
,1179.8923725061677
,29.645921916438965
,-775.3163191409001
,574.9410975595601
,-948.7865116676912
,338.43391617817724
,23.76076510287703
,-492.4105444079855
,1103.3306480140154
,-1338.6405085079698
,1072.5152271107645
,-544.143970751288
,224.75317596073205
,-140.1066406112144
,472.4354069350743
,-1110.8071125163742
,1595.7076101469274
,-1270.8379165404926
,893.83243460629
,-401.69547060729246
,-277.6409285419543
,496.05284120621894
,-699.3942713818085
,961.236670926784
,-1297.6005258726
,1674.881927525124
,-1790.0052939128373
,1518.4305104786574
,-1584.5586014403716
,1564.0421196538493
,-1671.6515722936063
,1623.4387277310598
,-1682.6704888414752
,1765.743467400284
,-2154.080576871173
,2319.150360129026
,-1837.018883798195
,547.0167652108346
,3.539555910991794
,157.9081299441682
,604.4734665849483
,-172.02306361202318
,-72.15102845839192
,543.7364335483505
,-1284.7679207621406
,1601.8586526787876
,-1268.90173453045
,578.6678706875869
,-158.69693480313367
,38.14112187310093
,-450.0555619063641
,1249.4309069094168
,-1873.735705610583
,1549.260763539709
,-1140.616121044387
,529.4080252424815
,316.2255348813486
,-568.0150397446382
,808.3859539474496
,-1127.5857575847294
,1555.0490675707574
,-2033.473628314066
,2158.1841575148246
,-1755.1947618621093
,1769.3897315739948
,-1717.9889933064533
,1833.8819287154395
,-1791.3503736184027
,1825.9774149074199
,-1907.731083981115
,2286.6110152337337
,-2299.9403825866048
,1725.5724108388788
,-528.9133637709979
,422.097644578623
,-502.12906571566
,-108.95930570440078
,-125.3087447363182
,217.2097137420435
,-668.3628977828097
,1505.1357868847704
,-1904.8651021282467
,1493.4328750636814
,-607.5843331258188
,70.18316403841209
,84.9277324825714
,436.41424184098855
,-1457.0945995271236
,2281.3933874410604
,-1974.9093221116354
,1532.5551513722385
,-743.4973240043469
,-336.589430216802
,615.4234805375983
,-894.1493100981345
,1281.3039195112183
,-1818.9971487074745
,2390.9028121501565
,-2453.825864996188
,1786.245164467038
,-1587.8377977500472
,1387.253598335202
,-1395.5057415701551
,1316.3511040192102
,-1250.4205225773555
,1266.0160157729342
,-1484.4791150183096
,1151.6592172792414
,-603.1513487320738
,28.865880638117233
,-258.7221126074994
,514.3899110920923
,-69.76305373907576
,364.9225260245744
,-500.531865048094
,988.8761849040463
,-1812.3504359143303
,2255.571437878575
,-1755.096436810437
,645.1118011175449
,11.3609733168405
,-170.75262507184834
,-536.7886230920244
,1905.8099543388103
,-3037.1364180137343
,2752.9119154254395
,-2252.6785876686745
,1149.6080734951465
,326.1179707121988
,-611.070086875475
,918.5199821818803
,-1379.8612039452673
,2055.2229076184003
,-2714.245567697333
,2679.985532805995
,-1767.9253817234567
,1270.8341622206249
,-904.1917923757042
,695.5534866794815
,-644.2851283528298
,539.6695521811839
,-684.6648136256972
,838.9223306449148
,-185.29625274421596
,-198.49186083381528
,428.49823214673006
,151.76768223810132
,-492.70680575562983
,330.99001078010133
,-781.3341928056602
,1170.6044971395747
,-1713.082404803839
,2523.845564935762
,-2953.5220312152114
,2318.279232328312
,-909.7658979782364
,75.63130526692521
,113.84388290228571
,840.7324665247725
,-2708.4037333757583
,4267.72434600046
,-4008.7271145363984
,3454.3615405830183
,-1851.5830736133662
,-195.75528509748375
,386.3381902700101
,-645.034205230793
,1116.2504128110486
,-1872.7290877508158
,2489.992837655117
,-2335.093444545556
,1549.401343919203
,-776.0170912616386
,308.4721752321234
,270.86923566265614
,-157.42697599799794
,162.1097622583411
,343.6135044869932
,-561.9957202433266
,17.742157010387473
,281.15884989531105
,-316.44059009557304
,-353.32437817713344
,764.0516445154385
,-856.6522850446713
,1554.9274381553673
,-2213.3223122779264
,2919.3967524234013
,-3759.364053768509
,4182.230651263637
,-3342.7903404823205
,1570.8330371841266
,-499.19496243133744
,302.75005416630756
,-1582.7463938983838
,4118.739396790469
,-6227.230936649581
,5916.143108663089
,-5318.364469050267
,2934.8946116776924
,29.282225210063473
,-96.2497966296321
,290.6505515430987
,-762.7025022644343
,1599.0439316995867
,-2114.9729092734206
,1923.1857173463077
,-1260.9628346497755
,500.32092561019294
,147.58892507176233
,-812.469048123214
,635.459184868982
,-565.8596583563246
,-52.58197859305915
,369.2780217809991
,64.31995246137421
,-201.26219985791886
,154.43264341494114
,546.3598759034194
,-1002.3005098112062
,1334.5615593497128
,-2293.4747485030794
,3216.4629428597154
,-4108.228986467899
,5037.715153735675
,-5455.252683397228
,4361.41658674157
,-2116.0756481957196
,730.0600844525425
,-492.756228418365
,2125.6674020429746
,-5497.813391566671
,8213.475517783398
,-7634.603895593697
,7087.839364607348
,-3886.024557715801
,28.29831543291027
,-6.074349084258984
,-137.2234397282616
,530.4258751701893
,-1263.1466199938195
,1756.7393901407695
,-1542.5084296848277
,1118.5285281511783
,-408.2257549709193
,-314.09992344023567
,1012.5576677002528
,-718.1582105048283
,580.1235203201927
,28.39194443501583
,-340.5149104626132
,1.3165631190738623
,7.9442593031471915
,83.56704648927916
,-735.7558967362711
,1166.278306569573
,-1616.464237219201
,2782.3982676717956
,-3844.5267347236636
,4866.166467302367
,-5843.071964407074
,6247.407757327588
,-4844.97825866295
,2101.3815490368033
,-282.4038701653926
,6.979143806514912
,-1945.8207410544383
,6370.7062244971385
,-9880.000059142027
,9352.385432100327
,-8719.490413927582
,5271.732202650686
,-65.57158521014355
,84.1720217885304
,-12.942908863554294
,-258.82450590548115
,800.2001335252521
,-1210.2598039260652
,1107.5216662952298
,-879.5536851506313
,325.79603617599423
,470.1303477134843
,-1050.2162159892714
,515.6718436035999
,-162.9118375198641
,-387.1372544421356
,635.3108243507359
,-284.7866907107523
,331.3198685284683
,-377.9907144140898
,919.8996181888206
,-1203.451744836826
,1672.5193931360955
,-2927.112067004497
,4034.728241679465
,-5169.377797795112
,6232.496509755271
,-6643.333643311442
,4996.889841922086
,-1809.868711716489
,-415.19395078166326
,577.7745491829774
,2152.7000816857944
,-6549.231573523157
,10413.940357667769
,-8992.791014393031
,8672.61285280131
,-4552.322335926296
,85.79594240652534
,-125.370560256016
,102.98530835587962
,71.69601389826948
,-427.7033820910083
,695.4061142209603
,-603.1585956515682
,382.2233965530331
,205.9657687015797
,-1104.1574663755691
,1649.4435963828628
,-835.9516606020543
,212.47184391824248
,445.70553812912794
,-710.6435732074551
,441.30773416611464
,-541.8967335962111
,610.3952037576355
,-1072.9932333423367
,1282.0572539757632
,-1716.5656810952205
,3037.0776956228738
,-4165.851650044902
,5573.489955592944
,-6820.960160756029
,7407.086702533135
,-5411.278287542092
,2105.1381484239873
,387.0770985574745
,-195.94408284051315
,-3010.4150301090303
,7408.163269214459
,-11014.783239595094
,9135.979351991595
,-8325.107360967912
,4455.255104140109
,-112.72745124622395
,174.56297639080276
,-193.19521124463836
,94.960000036152
,103.54936586353688
,-214.71583490041667
,44.678289700689675
,292.6244332333272
,-1078.0807771028785
,2183.5259894446626
,-2657.880219900162
,1514.0001949892885
,-481.0164369433778
,-438.1596927348198
,860.8585905649311
,-779.5911657914266
,992.3400891459528
,-1016.5792108520427
,1417.2116217403418
,-1619.6798977459039
,2135.3066382817287
,-3420.2618137714867
,4695.071569035309
,-6819.604750413766
,8711.162093224799
,-9687.966154683223
,7896.556880792818
,-4467.608565426752
,1588.9065064171136
,-2005.971554611986
,5263.579966504709
,-9277.696324230026
,12323.827329142958
,-10003.909480294536
,8415.26207491396
,-4456.48853100047
,125.32562075509736
,-195.34914174289224
,236.13435006829923
,-180.5503389365631
,95.87842612110308
,-109.1781920043586
,343.4878106594424
,-757.3638119282532
,1675.0710929223096
,-2920.785536270878
,3353.3440809137064
,-1848.7841625123638
,295.5229020058732
,1002.6630719073992
,-1545.9834810065322
,1577.606767930496
,-1544.8813559306263
,1180.5631233891922
,-1200.3999123752637
,1447.0368379959273
,-2009.3181390741393
,3178.8752592353267
,-4160.617273427941
,7577.962025043851
,-10244.453468750722
,11735.385534010778
,-10519.374601122696
,7768.160944897488
,-5045.744903500672
,6159.831169720306
,-9057.639053179693
,12186.14786722308
,-14032.760648136875
,11706.567321593713
,-9080.452517030451
,4897.649403736237
,-143.3248850648106
,221.53105216817266
,-274.6504569845529
,235.90911925889486
,-236.67204837531608
,343.6393668822102
,-584.7309083096434
,947.010210739274
,-1734.0058947630569
,2735.531019561602
,-2915.168497739436
,1173.7605622069814
,974.8546020458934
,-2387.126153060043
,3257.7612101845725
,-2934.2267519051384
,2517.0779134826244
,-1694.2554315127163
,1567.7269783274578
,-1499.4929540384092
,2434.805592951494
,-3522.6281322188734
,4032.4449975956813
,-7371.800026692712
,10529.694312950998
,-11992.487914315627
,11466.088468377615
,-9579.4114828278
,7818.27966762493
,-9164.800620281652
,11602.137278219201
,-13748.027902493202
,14374.136572114116
,-11877.22327781473
,8989.602025828
,-4690.346173041578
,212.26691894413625
,-346.99076448647884
,454.04245940655164
,-464.0430069073436
,581.3598371735907
,-809.9803377337093
,1026.157381369827
,-1211.0850060178
,1555.838281202039
,-1854.3756425121564
,1702.2609215420225
,805.2511492753347
,-3277.1028544375195
,5032.110782794457
,-5612.389017970243
,5005.0226431007395
,-4339.630881146526
,3419.958337670776
,-2968.6582959178595
,3290.1673231811183
,-3893.7270169631192
,4731.845835069926
,-4641.4793450165525
,7421.646192071301
,-9907.441485727337
,11436.047150496568
,-11563.585857994662
,10559.51984333036
,-9395.94417398772
,10805.872819790118
,-12772.71569209595
,13923.495781913796
,-13347.566055353971
,10867.010960650427
,-8197.022413599469
,4325.656171578059
,-250.17439408247242
,400.0916474849073
,-519.2251970899397
,517.8588303673396
,-675.7784605911293
,912.0066128965118
,-918.9722038727559
,715.0462163167758
,-443.25733126512023
,87.0600816556398
,577.4302321785126
,-3274.537478386079
,5672.100363999072
,-7237.007424362703
,7368.271393120614
,-6028.306144817404
,4704.623201262572
,-3083.535066966031
,2331.4744017212824
,-2127.338655670552
,2713.1705701708124
,-3223.5422962580597
,3519.415578318054
,-6064.353917078421
,8521.836190633065
,-10110.663951232333
,11143.91244264704
,-10850.299082559148
,10138.647214571101
,-10977.753055510893
,12473.568805581945
,-12773.633069111493
,12358.644818471148
,-9918.779875680175
,7526.365236716185
,-3895.3616632634184
,257.9567425772734
,-387.16855588063027
,492.6112490812311
,-444.4166262820181
,574.6847267562216
,-703.6333695869871
,359.99981271905926
,219.3475136185134
,-710.4670898129552
,1109.046244807566
,-1873.5498649750343
,4439.488188873538
,-6162.387835454678
,7716.601865484765
,-7775.905663218381
,6417.232473948225
,-4733.678768079947
,2799.122103891312
,-1725.1564682857115
,1357.365262404699
,-925.3063699740014
,1529.466633826767
,-2073.9362565831725
,5531.512303856638
,-8085.86721074362
,10182.125821370548
,-12245.697046186306
,13015.22465336114
,-12478.169073644865
,12668.454462673395
,-12780.01981870614
,12140.354054969466
,-11260.816724771357
,9391.134835263372
,-7153.969074580324
,3690.570282827375
,-167.10475623272282
,146.29524360788082
,-114.65072178805713
,-101.37126684862233
,111.44437497602121
,-226.97369582261854
,1095.1502977285218
,-2077.1403762991486
,2458.2064499138232
,-2064.0196821538575
,2655.0966324493893
,-4796.247374195829
,6022.693398883846
,-7000.48345155401
,7005.89594655021
,-5631.697599472336
,3908.86649331206
,-1769.4410204042942
,692.1179523672599
,-351.2941245204602
,29.070459318883877
,-452.2775002227718
,2329.4100345703737
,-6010.241782605719
,8867.645080313354
,-11166.505835668593
,14214.78927782684
,-15412.986886314688
,14907.793372720038
,-14485.571876290203
,14121.364678171645
,-12529.424822549525
,11290.203888004085
,-9502.768183867127
,7207.673414406789
,-3460.457511871178
,181.7437572977624
,-94.63228720668849
,22.944595752451278
,242.04611793641743
,-213.51400169816225
,388.6815591169434
,-1728.2084167123503
,3137.162964370982
,-3482.3399705304764
,2729.53550811435
,-2916.169190274193
,4934.190419255989
,-5710.713751632076
,6200.045530122176
,-6201.034262736619
,4851.654475244412
,-2948.6571878141185
,487.95761300707727
,738.2969360489305
,-686.46010085954
,559.4881269402804
,943.8908118776817
,-3072.3675433843796
,6841.190810493903
,-8990.719028375463
,10917.206812721653
,-13647.051816061088
,15429.124627582374
,-14613.533896473047
,14858.879212728141
,-15212.858189428323
,14481.875346960216
,-12844.371872614749
,10822.3362782468
,-7862.721693589687
,3786.446436473934
,-355.6335072003317
,361.4484999998449
,-447.36128360891234
,355.2568102673449
,-640.3153824122383
,615.6883067804192
,1097.9754779965187
,-2907.230318528749
,3444.6855029392427
,-2628.892120284074
,2968.272475329699
,-4835.450504784492
,5438.039092541445
,-5413.79915784715
,5724.968571077054
,-4691.469887063655
,3045.152372276166
,-764.2846477397316
,-90.34753479971823
,-536.9319824801933
,1391.68696069632
,-3038.6008515063586
,5462.593343260618
,-8487.591166908816
,9740.945945190364
,-11003.176630386351
,13595.26359487218
,-15520.981465822802
,15905.573553512
,-16613.86644262146
,18218.38847150302
,-16933.354744979537
,14339.838763183136
,-11195.891855525206
,7784.561536601377
,-3419.4735126997293
,525.8420485876486
,-599.9642312289952
,841.6179112281861
,-941.7016435683672
,1565.5294477542866
,-1968.4329233935277
,534.1676028677575
,1276.1618088837931
,-1566.6750706857347
,925.7914264078281
,-908.2465638221474
,3024.6997329898077
,-3693.431373642725
,3901.244064385428
,-4845.173501325773
,4609.725927517302
,-3610.813786641035
,1894.9479405801972
,-1241.577243994086
,2258.8029136964774
,-3089.678115977924
,4824.049936291023
,-7190.733374556636
,9702.722222177028
,-9937.099637822343
,10533.532157677095
,-12724.617390866133
,15096.30520375069
,-16539.266369783494
,18745.781185888023
,-21217.950407701246
,20083.100761925365
,-17053.66553032239
,13917.831939101885
,-9806.090001214827
,4998.6855737130245
,-685.9876285630355
,768.7505297470152
,-1081.8358270664548
,1273.7993306939607
,-2104.7513258224317
,2851.1943766324075
,-1986.78751932886
,718.5180421785662
,-593.0942097595616
,1402.5488086996847
,-1580.3353709705952
,-228.71653191647238
,1604.783814300179
,-2521.052580893823
,4297.678073067955
,-4967.663621914331
,4604.601009933102
,-3399.0232555291095
,2872.31958839231
,-3755.1968614980005
,4510.831250827976
,-6167.308485278603
,8323.189286656609
,-9965.998005813235
,9333.731358990673
,-9033.731087190565
,10581.458477871078
,-12613.74340327386
,14605.735766687609
,-17204.060585634925
,20349.20293615011
,-19362.185776490864
,16990.944490452322
,-14044.762699303152
,10353.708831981152
,-5355.421407536371
,807.1091959224523
,-903.4612424248344
,1270.4140719053257
,-1452.3652599231082
,2187.131115285376
,-2875.778177971024
,2426.031124208468
,-1305.7218883544265
,1291.4819661686124
,-1954.6655736029916
,2296.6998239999502
,-657.7602662917452
,-791.110698835435
,2229.9100861495463
,-4896.159509049074
,6773.764377804664
,-6946.778963079118
,6051.07550079786
,-5277.1886646739595
,5857.097732080459
,-6289.994191747193
,7805.978218201522
,-9664.641433440778
,10784.944055748674
,-9607.469541162383
,8539.561665337544
,-9152.30611717996
,10494.676820205757
,-12289.11263795455
,14791.694761059487
,-17850.582014103456
,16841.470252633684
,-14218.441200255653
,11789.254980920476
,-8872.035185952522
,5120.81567762973
,-602.9296513246409
,577.7405230201384
,-897.8279801783628
,945.1297502364414
,-1429.8214586912309
,2211.026224298721
,-1880.528413810549
,889.6718701292666
,-733.0308935893081
,1064.7914835404881
,-1152.4349613170216
,-290.2402510626407
,1830.9881508654644
,-3633.673942035053
,6815.841499936207
,-9179.02905970571
,9384.711516120662
,-8500.031819763233
,7595.262525622242
,-7680.728444893593
,7636.759988095837
,-8789.721202615325
,10251.494555727495
,-10987.69771448787
,9732.111526240424
,-7679.890120379292
,7348.015799556073
,-7689.43979106651
,9271.311092005755
,-11354.587981416418
,14088.308204873298
,-12722.417248293666
,9967.686612294798
,-7787.807113551251
,6049.756309812481
,-3530.7376297044702
,209.6037289149324
,-2.27665021803341
,76.17242897026881
,198.84566308239482
,301.07898899348766
,-1066.4383112443975
,793.9518588614101
,45.27461007929924
,-313.3285939260604
,251.44785019289702
,-486.5532867771699
,1952.4845197743125
,-3713.9957098611067
,5987.886717766017
,-9620.919975513963
,12472.560510770909
,-12314.260239425526
,11162.691847441396
,-10011.213747997319
,9495.299684536003
,-8746.128622314824
,9344.309634369161
,-9997.54420277001
,10690.958898846167
,-9091.54161279842
,7034.545801956832
,-5388.08262725683
,5011.64044179691
,-6238.629724740373
,8201.267701645302
,-9785.874073870506
,8069.437356179707
,-4988.023236060253
,3599.3285778268255
,-2551.0536489576625
,2067.4110341054657
,147.99654056657891
,-337.90161582290807
,541.2389855395613
,-768.0801753797605
,259.51493219526674
,375.5029137922447
,-111.2267978285945
,-618.259768152182
,964.068927970402
,-1087.7658589615112
,1541.1213654167686
,-3023.23977240354
,4888.749589731919
,-7371.373740438321
,10851.412507518324
,-13115.908904574078
,13318.139996549868
,-12222.351304548863
,11223.849028986566
,-10369.709262118648
,9288.120512253314
,-9381.677691494888
,9327.6144930354
,-9813.123401954446
,8347.82350491032
,-5942.389059797686
,3764.30472066316
,-2264.4725080239095
,2972.0259599239344
,-4336.070098592354
,5091.904684894809
,-3075.084035695123
,223.9633282736031
,582.5073018956064
,-769.9785335153647
,-403.63648892911624
,-268.4792782121269
,386.1980507552016
,-657.6418141164186
,787.7801920859433
,-341.2702890592418
,-137.0868120932073
,-107.88272977244378
,710.5300461056777
,-1030.182450039897
,1167.3431541807013
,-1576.1127783024094
,2752.7600066355517
,-4197.426500719236
,6158.6054674277175
,-8766.672029861402
,10226.357807297452
,-10524.819773405616
,10404.498243184302
,-10124.000590094005
,9251.725258829756
,-7433.274003943303
,7040.3749641103805
,-6281.441864702945
,6626.04313125111
,-5111.1284205669435
,2994.7532482206116
,-546.6278070412245
,-673.9357492233603
,580.9287859307187
,662.0610606314949
,-1004.1910581157281
,-1131.3482714595957
,4075.0835587224065
,-4532.254033242694
,4114.182574496808
,-1295.4210243633406
,166.24048798736652
,-196.2151951099437
,453.373151438951
,-535.1751265162561
,166.80080486120687
,194.2395875714119
,8.314859143662034
,-478.9784410890252
,738.2139187996149
,-848.7482184977407
,1168.3887552037331
,-2024.3507328762926
,2993.356989728517
,-4292.964769417588
,5913.748471547126
,-6579.618620958535
,7051.106066083965
,-6741.18561851362
,6977.656360905574
,-5979.2172062776735
,4256.896771188694
,-2954.2315391094453
,2146.9685915172613
,-2529.0599197831652
,1480.3016084355877
,973.75738073504
,-3115.456606553438
,4015.9905350742647
,-3484.5312174262835
,2122.2569112685906
,-967.7792583383707
,2189.3305861617955
,-4280.794971954696
,4608.364600168134
,-4332.160094383038
,1778.2412849141765
,-101.0962694406443
,97.93225355960317
,-311.985888818435
,352.339794773872
,-32.197796842765456
,-261.79897947877134
,112.04077457016092
,239.8428404907363
,-432.42897258289304
,508.4342151207261
,-746.4638111306199
,1369.241851790226
,-2053.584107542024
,2990.58470601731
,-4105.77720875741
,4371.8228306624
,-4442.238050964145
,4167.391223888733
,-4783.682533619241
,4198.388768127996
,-2509.9970464040925
,1101.463617973728
,-119.00925792356429
,829.9540436404423
,504.6489401263443
,-3302.3878775036674
,5430.608306606434
,-6075.655614302644
,5661.625846377411
,-3892.3291916058906
,2447.1357836042916
,-2553.9322724284466
,3642.325293941407
,-3756.405114015297
,3899.4179408097607
,-1739.125199729765
,93.03752541519651
,-98.07015599291834
,270.76124054483137
,-282.555214395838
,5.008536922178791
,237.1312351955089
,-126.97552805753753
,-140.0893121576994
,292.541014758973
,-362.1083399955776
,562.7026041903403
,-1053.8759509637975
,1604.5801188050918
,-2378.649024781167
,3286.761863646865
,-3521.4030060694695
,3606.3961084798775
,-3882.5841429414813
,5307.516854448368
,-5273.837190646242
,4522.416491242526
,-3252.5281131669253
,2538.287451153672
,-2427.846631630171
,-33.54893950235055
,3771.846302888839
,-5856.854251910171
,6912.935465706832
,-6599.306121892958
,5158.764090153597
,-3356.992809014132
,3196.2435129396126
,-3791.327340140868
,3709.424178301494
,-3629.9215834515326
,1703.0256930723385
,-102.5754456477997
,129.74364494506415
,-276.1270915122261
,280.4612074391106
,-54.76110477832742
,-123.78477191540242
,23.614380175892165
,193.3616036541598
,-334.31786627176336
,426.52450956006555
,-631.6938846648345
,1069.3473564068222
,-1577.205415289135
,2278.5709454479843
,-3089.262391510264
,3390.9924075715735
,-3575.1400455196417
,4106.466662160376
,-5677.1986038913565
,6062.529582374504
,-5676.452236381949
,4650.409308502203
,-3840.0225972709122
,3087.492597143493
,100.5714045289169
,-3436.3364378128126
,5699.756288541773
,-6630.907865439673
,6860.769939531677
,-5387.915692500109
,3519.5618668460897
,-2881.0843032645334
,3073.6150143652585
,-2897.2603309243405
,2859.85331447113
,-1365.1194663545502
,107.41897415127272
,-152.10254687219322
,266.98204173150896
,-259.15127363245983
,70.66152941713017
,67.33590310102124
,1.706870273524828
,-148.42891986374542
,248.7176248509425
,-322.5473068672133
,476.13221599126746
,-788.8835001657533
,1149.9885446264025
,-1641.964083275192
,2214.6717818106376
,-2432.307329670462
,2546.1863201160495
,-2946.0747393094716
,4098.044340462338
,-4452.668843698404
,4124.270313673584
,-2911.974454371986
,2199.398120155369
,-1445.2772242437404
,-1016.6356597528684
,3158.8638734426936
,-4639.253299183642
,5030.146227263783
,-5162.461389860083
,3722.180402725563
,-1751.291155092726
,1388.1370708100849
,-1671.4324603668474
,1668.028695152998
,-1783.4133343272056
,865.8913225708893
,-87.27784682927265
,132.94938121004742
,-198.97523058870752
,179.524531455015
,-45.49693360250194
,-47.74701264237393
,19.242384118665427
,50.08161069291435
,-98.81673331776256
,135.81159311295326
,-211.1687062637086
,363.5709993462966
,-536.394173142966
,771.1406401463454
,-1047.8188988367065
,1137.6875237265651
,-1154.843853788408
,1316.057963971337
,-1856.6046682927918
,2016.682209822029
,-1795.7070064244635
,1010.7962499364094
,-601.8031193051575
,144.84454557756362
,1119.5794008280836
,-2079.9363649113943
,2742.46351072587
,-2870.57186694152
,2907.511438250032
,-2026.1881094154483
,769.044275229453
,-542.7722747101338
,699.336957497761
,-731.4901138712821
,846.0951288211991
,-424.12732905784185
